OT;NV/GOM;DIRECCION;CONTRATISTA;COMUNA;ITO;FECHA_INSPECCION;SUPERVISOR;TIPO_TRABAJO;HAY HALLAZGO;INCIDENCIA;NOMBRE DE INCIDENCIA;TIPO;HALLAZGO_1;HALLAZGO_2;HALLAZGO_3;HALLAZGO_4;OBSERVACION;CUENTA_HALLAZGO;MES;AÑO;TIPO_OBRA
177132;ID;AV. DEPARTAMENTAL 1475;BUREAU VERITAS (ESPECTRO);LA FLORIDA;JAVIER INOSTROZA;17-02-2021;LUIS DIAZ;SUBTERRÁNEA;NO;;;;CAMARA DM-2200 CON TIERRAS DE SERVICIO CON EL LARGO INSUFICIENTE PARA REALIZAR LA CONECCION A LA BARRA;;;;;1;FEBRERO;2021;OO.CC
177132;ID;AV. DEPARTAMENTAL 1475;BUREAU VERITAS (ESPECTRO);LA FLORIDA;JAVIER INOSTROZA;17-02-2021;LUIS DIAZ;SUBTERRÁNEA;NO;;;;AMBAS CAMARAS CON BOQUILLAS SIN TERMINAR;;;;;1;FEBRERO;2021;OO.CC
177132;ID;AV. DEPARTAMENTAL 1475;BUREAU VERITAS (ESPECTRO);LA FLORIDA;JAVIER INOSTROZA;17-02-2021;LUIS DIAZ;SUBTERRÁNEA;NO;;;;CAMARA CON MARCO Y TAPA DESNIVELADA;;;;;1;FEBRERO;2021;OO.CC
2862312;NV;URUGUAY 9065;BUREAU VERITAS;LA FLORIDA;JOAN DIAZ ;08-03-2021;LEONARDO MARKIC;SUBTERRÁNEA;NO;;;;SE DEBE MEJORAR NIVELACION DE PISO, SE DEBE DAR UNA PENDIENTE DE 0,8%;;;;;1;MARZO;2021;OO.CC
2862312;NV;URUGUAY 9065;BUREAU VERITAS;LA FLORIDA;JOAN DIAZ ;08-03-2021;LEONARDO MARKIC;SUBTERRÁNEA;NO;;;;SE DEBE MEJORAR DRENAJE DE CAMARA;;;;;1;MARZO;2021;OO.CC
2860600;NV;QUILIN NORTE S/N;CRILLON;PEÑALOLEN ;JOAN DIAZ ;11-03-2021;MANUEL ARENAS;SUBTERRÁNEA;NO;;;;SE DEBE MEJORAR UNION DE ALBAÑERIA CON MARCO DE CAMARA DM- 22018;;;;;1;MARZO;2021;OO.CC
2860600;NV;QUILIN NORTE S/N;CRILLON;PEÑALOLEN ;JOAN DIAZ ;11-03-2021;MANUEL ARENAS;SUBTERRÁNEA;NO;;;;DSE DEBE REALIZAR REMATES EN CUELLO DE CAMARA DM 2200-C1;;;;;1;MARZO;2021;OO.CC
2860600;NV;QUILIN NORTE S/N;CRILLON;PEÑALOLEN ;JOAN DIAZ ;11-03-2021;MANUEL ARENAS;SUBTERRÁNEA;NO;;;;SE DEBE REALIZAR REMATES EN CUELLO DE CAMARA DM-2200-C2;;;;;1;MARZO;2021;OO.CC
2860600;NV;QUILIN NORTE S/N;CRILLON;PEÑALOLEN ;JOAN DIAZ ;11-03-2021;MANUEL ARENAS;SUBTERRÁNEA;NO;;;;FALTA MARCO Y REJILLA DE DRENAJE CAMARA DM-2200-C2;;;;;1;MARZO;2021;OO.CC
86220;ID;JOSE URETA 139;BUREAU VERITAS (SIISTEC);LA CISTERNA;JOAN DIAZ ;16-03-2021;MANUEL LAZO;SUBTERRÁNEA;NO;;;;;;;;;0;MARZO;2021;OO.CC
188204;ID;EXEQUIEL FIGUEROA 877;ENERPA;ÑUÑOA;JOAN DIAZ ;23-03-2021;CARLOS MUÑOZ;SUBTERRÁNEA;NO;;;;;;;;;0;MARZO;2021;OO.CC
172426;ID;DEPARTAMENTAL N° 3542;BUREAU VERITAS (ESPECTRO);MACUL;JOAN DIAZ ;26-03-2021;LUIS SANDOVAL;SUBTERRÁNEA;NO;;;;AMBAS CAMARAS PRSENTAN PROBLEMAS DE NIVEL DE PISO PARA DRENAJE;;;;;1;MARZO;2021;OO.CC
172426;ID;DEPARTAMENTAL N° 3542;BUREAU VERITAS (ESPECTRO);MACUL;JOAN DIAZ ;26-03-2021;LUIS SANDOVAL;SUBTERRÁNEA;NO;;;;AMBAS CAMARAS PRESENTAN PROBLEMAS DE ESTUCOS;;;;;1;MARZO;2021;OO.CC
172426;ID;DEPARTAMENTAL N° 3542;BUREAU VERITAS (ESPECTRO);MACUL;JOAN DIAZ ;26-03-2021;LUIS SANDOVAL;SUBTERRÁNEA;NO;;;;AMBAS CAMARAS PRESENTA PROBLEMAS DE ASEO Y LIMPIEZA EN INTERIOR Y DUCTOR;;;;;1;MARZO;2021;OO.CC
172426;ID;DEPARTAMENTAL N° 3542;BUREAU VERITAS (ESPECTRO);MACUL;JOAN DIAZ ;26-03-2021;LUIS SANDOVAL;SUBTERRÁNEA;NO;;;;CAMARA DM-2300-C1 PRESENTA PROBLEMAS DE MURO COLINDANTE CON PROPIEDAD;;;;;1;MARZO;2021;OO.CC
2853022;NV;HESLBY 9860;BUREAU VERITAS (ESPECTRO);LA REINA;JOAN DIAZ ;14-04-2021;CHRISTIAN ARRIAGADA;SUBTERRÁNEA;NO;;;;;;;;;0;ABRIL;2021;OO.CC
2848982;NV;AV QUILIN ESQUINA HACIENDA MACUL AVANCE 1;BUREAU VERITAS (ESPECTRO);PEÑALOLEN ;JOAN DIAZ ;14-04-2021;CHRISTIAN ARRIAGADA;SUBTERRÁNEA;NO;;;;;;;;;0;ABRIL;2021;OO.CC
172426;ID;AV DEPARTAMENTAL N° 3542 AVANCE 2;BUREAU VERITAS (ESPECTRO);MACUL;JOAN DIAZ ;14-04-2021;CHRISTIAN ARRIAGADA;SUBTERRÁNEA;NO;;;;;;;;;0;ABRIL;2021;OO.CC
16925;PI;LAGO PIRIHUEICO 6502;BUREAU VERITAS (SCN);LA FLORIDA;JAVIER INOSTROZA;15-04-2021;FRANCO MONJE;SUBTERRÁNEA;NO;;;;FALTA TERMINAR DRENES DE 2 CAMARAS DM-2200;;;;;1;ABRIL;2021;OO.CC
16925;PI;LAGO PIRIHUEICO 6502;BUREAU VERITAS (SCN);LA FLORIDA;JAVIER INOSTROZA;15-04-2021;FRANCO MONJE;SUBTERRÁNEA;NO;;;;FALTA REALIZAR O MEJORAR BISELADOS DE LAS BOQUILLAS DE AMBAS CAMARAS;;;;;1;ABRIL;2021;OO.CC
16925;PI;LAGO PIRIHUEICO 6502;BUREAU VERITAS (SCN);LA FLORIDA;JAVIER INOSTROZA;15-04-2021;FRANCO MONJE;SUBTERRÁNEA;NO;;;;REPARAR O REALIZAR MEJORAMIENTO DE LAS LOSA INFERIOR DEBIDO A PROBLEMAS DE MALA TERMINACION;;;;;1;ABRIL;2021;OO.CC
99275;ID;GASTON DESPOUY 8740;BUREAU VERITAS (SCN);LA CISTERNA;JOAN DIAZ ;16-04-2021;JHONNY PERALTA;SUBTERRÁNEA;NO;;;;;;;;;0;ABRIL;2021;OO.CC
2825815;NV;DIEGO PORTALES 817;BUREAU VERITAS (ESPECTRO);LA FLORIDA;JAVIER INOSTROZA;27-04-2021;FRANCO MONJE;SUBTERRÁNEA;NO;;;;CAMARA CONSTRUIDA POR CLIENTE CUENTA CON ANOMALIAS DE CONSTRUCCION ;;;;;1;ABRIL;2021;OO.CC
2825815;NV;DIEGO PORTALES 817;BUREAU VERITAS (ESPECTRO);LA FLORIDA;JAVIER INOSTROZA;27-04-2021;FRANCO MONJE;SUBTERRÁNEA;NO;;;;LOSA SUPERIOR CUENTA CON ENFIERRADURA A LA VISTA CON FALTA DE VIBRADO;;;;;1;ABRIL;2021;OO.CC
2852244;NV;PEDRO TORRES 1288;ESPECTRO;ÑUÑOA;JAIME SOTO;29-04-2021;LUIS SANDOVAL;SUBTERRÁNEA;NO;;;;;;;;;0;ABRIL;2021;OO.CC
191365;ID;ONOFRE JARPA 10409;BUREAU VERITAS;LA REINA;JAIME SOTO;07-05-2021;LUIS SANDOVAL;SUBTERRÁNEA;NO;;;;;;;;;0;MAYO;2021;OO.CC
108651;ID;EL ROBLE 187;ENERPA;LA FLORIDA;JAVIER INOSTROZA;07-05-2021;XIMENA VASQUEZ;SUBTERRÁNEA;NO;;;;;;;;;0;MAYO;2021;OO.CC
2848982;NV;AVENIDA QUILIN ESQUINA HACIENDA MACUL ;BUREAU VERITAS;PEÑALOLEN ;JAIME SOTO;17-05-2021;LUIS SANDOVAL;SUBTERRÁNEA;NO;;;;;;;;;0;MAYO;2021;OO.CC
2853015;NV;LOS PRESIDENTES 9998 AVANCE 1;BUREAU VERITAS;PEÑALOLEN ;JAIME SOTO;19-05-2021;JHONNY PERALTA;SUBTERRÁNEA;NO;;;;;;;;;0;MAYO;2021;OO.CC
172426;ID;DEPARTAMENTAL N° 3542 N° 3;BUREAU VERITAS (ESPECTRO);MACUL;JOAN DIAZ ;24-05-2021;LUIS SANDOVAL;SUBTERRÁNEA;NO;;;;;;;;;0;MAYO;2021;OO.CC
2875123;NV;NELSON N° 1816;ENERPA;ÑUÑOA;JOAN DIAZ ;25-05-2021;XIMENA VASQUEZ;SUBTERRÁNEA;NO;;;;;;;;;0;MAYO;2021;OO.CC
189631;ID;AV JOSE PEDRO ALESSANDRI N° 1363;ENERPA;ÑUÑOA;JAIME SOTO;26-05-2021;CARLOS MUÑOZ;SUBTERRÁNEA;NO;;;;;;;;;0;MAYO;2021;OO.CC
176296;ID;LOS TRES ANTONIOS N° 277;ENERPA;ÑUÑOA;JOAN DIAZ ;02-06-2021;XIMENA VASQUEZ;SUBTERRÁNEA;NO;;;;;;;;;0;JUNIO;2021;OO.CC
2816197;NV;AV LO OVALLE 0330 AVANCE 1;BUREAU VERITAS;LA CISTERNA;JAIME SOTO;04-06-2021;LUIS SANDOVAL;SUBTERRÁNEA;NO;;;;;;;;;0;JUNIO;2021;OO.CC
2848982;NV;AV QUILIN ESQUINA HACIENDA MACUL;BUREAU VERITAS (ESPECTRO);PEÑALOLEN ;JAIME SOTO;08-06-2021;LUIS SANDOVAL;SUBTERRÁNEA;NO;;;;CAMARA DM-2200 FALTA INSTALACION DE CADENA ENTRE TAPA Y MARCO;;;;;1;JUNIO;2021;OO.CC
166106;ID;ALVARO CASANOVA 661 ;BUREAU VERITAS (ESPECTRO);PEÑALOLEN ;JAIME SOTO;08-06-2021;LUIS SANDOVAL;SUBTERRÁNEA;NO;;;;CAMARA DM-2200 DETALLES IMPORTANTE EN MUROS, PISO,LOZA, CUELLO, BOQUILLAS;;;;;1;JUNIO;2021;OO.CC
166106;ID;ALVARO CASANOVA 661 ;BUREAU VERITAS (ESPECTRO);PEÑALOLEN ;JAIME SOTO;08-06-2021;LUIS SANDOVAL;SUBTERRÁNEA;NO;;;;CAMARA DM-2201 DETALLES EN BOQUILLAS, ASEO AL INTERIOR DE CAMARAS;;;;;1;JUNIO;2021;OO.CC
166106;ID;ALVARO CASANOVA 661 ;BUREAU VERITAS (ESPECTRO);PEÑALOLEN ;JAIME SOTO;08-06-2021;LUIS SANDOVAL;SUBTERRÁNEA;NO;;;;REPOSICION DE ACERA DETALLES MALA TERMINACION, PEINADO;;;;;1;JUNIO;2021;OO.CC
166106;ID;ALVARO CASANOVA 661 ;BUREAU VERITAS (ESPECTRO);PEÑALOLEN ;JAIME SOTO;08-06-2021;LUIS SANDOVAL;SUBTERRÁNEA;NO;;;;REPOSICION DE ACCESO VEHICULAR MALA TERMINACION, PEINADO;;;;;1;JUNIO;2021;OO.CC
166106;ID;ALVARO CASANOVA 661 N° 2;BUREAU VERITAS (ESPECTRO);PEÑALOLEN ;JAIME SOTO;10-06-2021;JULIO ANTINAO;SUBTERRÁNEA;NO;;;;REPOSICION DE ACERA DETALLES MALA TERMINACION, PEINADO, MAQUILLAJES;;;;;1;JUNIO;2021;OO.CC
166106;ID;ALVARO CASANOVA 661 N° 2;BUREAU VERITAS (ESPECTRO);PEÑALOLEN ;JAIME SOTO;10-06-2021;JULIO ANTINAO;SUBTERRÁNEA;NO;;;;REPOSICION DE ACCESO VEHICULAR MALA TERMINACION, PEINADO, MAQUILLAJES;;;;;1;JUNIO;2021;OO.CC
2867564;NV;HOLANDA 3622;ENERPA;ÑUÑOA;JOAN DIAZ ;10-06-2021;XIMENA VASQUEZ;SUBTERRÁNEA;NO;;;;;;;;;0;JUNIO;2021;OO.CC
78417;ID;GENERAL BUSTAMANTE 730;BUREAU VERITAS (SIISTEC);ÑUÑOA;JAIME SOTO;11-06-2021;BRIAN PONCE DE LEÓN;SUBTERRÁNEA;NO;;;;CÁMARA DM-2200 DETALLES EN PISO, LOZA,CUELLO, BOQUILLAS);;;;;1;JUNIO;2021;OO.CC
78417;ID;GENERAL BUSTAMANTE 730;BUREAU VERITAS (SIISTEC);ÑUÑOA;JAIME SOTO;11-06-2021;BRIAN PONCE DE LEÓN;SUBTERRÁNEA;NO;;;;CÁMARA DM-2201 PENDIENTE INSTALACION DE TAPAS DE CAMARA;;;;;1;JUNIO;2021;OO.CC
78417;ID;GENERAL BUSTAMANTE 730;BUREAU VERITAS (SIISTEC);ÑUÑOA;JAIME SOTO;11-06-2021;BRIAN PONCE DE LEÓN;SUBTERRÁNEA;NO;;;;PENDIENTE INSTALACION DE LOGOS DE CAMARAS.;;;;;1;JUNIO;2021;OO.CC
177219;ID;SANTA VICTORIA 9448 N°1;BUREAU VERITAS (SCN);LA FLORIDA;JAIME SOTO;23-06-2021;LUIS SANDOVAL;SUBTERRÁNEA;NO;;;;CANALIZACION FUERA DE NORMA;;;;;1;JUNIO;2021;OO.CC
2853015;NV;LOS PRESIDENTES 9998;BUREAU VERITAS (SCN);PEÑALOLEN ;JAIME SOTO;29-06-2021;BRIAN PONCE DE LEÓN;SUBTERRÁNEA;NO;;;;PENDIENTE INSTALACION DE LOGOS;;;;;1;JUNIO;2021;OO.CC
2853015;NV;LOS PRESIDENTES 9998;BUREAU VERITAS (SCN);PEÑALOLEN ;JAIME SOTO;29-06-2021;BRIAN PONCE DE LEÓN;SUBTERRÁNEA;NO;;;;PENDIENTE RETIRO DE ROCAS;;;;;1;JUNIO;2021;OO.CC
2884962;NV;AV GENERAL JOSE ARTIGAS N° 3121;ENERPA;ÑUÑOA;JAIME SOTO;30-06-2021;XIMENA VASQUEZ;SUBTERRÁNEA;NO;;;;NORMALIZAR INSTALACION DE TIERRA;;;;;1;JUNIO;2021;OO.CC
2884962;NV;AV GENERAL JOSE ARTIGAS N° 3121;ENERPA;ÑUÑOA;JAIME SOTO;30-06-2021;XIMENA VASQUEZ;SUBTERRÁNEA;NO;;;;CORREGIR TERMINACION EN CUELLO DE CAMARA;;;;;1;JUNIO;2021;OO.CC
177132;ID;DEPARTAMENTAL 1475 N° 2;ENERPA;LA FLORIDA;JAIME SOTO;07-07-2021;LUIS SANDOVAL;SUBTERRÁNEA;NO;;;;PENDIENTE INSTALACION DE LOGO;;;;;1;JULIO;2021;OO.CC
177132;ID;DEPARTAMENTAL 1475 N° 2;ENERPA;LA FLORIDA;JAIME SOTO;07-07-2021;LUIS SANDOVAL;SUBTERRÁNEA;NO;;;;PENDIENTE INSTALACION DE TAPAS DE CAMARAS DM-2201;;;;;1;JULIO;2021;OO.CC
2816197;NV;LO OVALLE 0330 AVANCE 2;BUREAU VERITAS;LA CISTERNA;JAIME SOTO;19-07-2021;BRIAN PONCE DE LEÓN;SUBTERRÁNEA;NO;;;;;;;;;0;JULIO;2021;OO.CC
38252;ID;ECHEÑIQUE 8387;ENERPA;LA REINA;JAIME SOTO;10-08-2021;HECTOR VENEGAS;SUBTERRÁNEA;NO;;;;PENDIENTE EJECUTAR REPOSICION DE PAVIMENTOS;;;;;1;AGOSTO;2021;OO.CC
2867770;NV;ALMAHUE N° 6424;BUREAU VERITAS (ESPECTRO);LA FLORIDA;JAIME SOTO;18-08-2021;LUIS SANDOVAL;SUBTERRÁNEA;NO;;;;;;;;;0;AGOSTO;2021;OO.CC
2843020;NV;RODRIGO DE ARAYA 3280;ENERPA;ÑUÑOA;JAIME SOTO;23-08-2021;ISADU NILO;SUBTERRÁNEA;NO;;;;ENFIERRADURA A LA VISTA EN LOSA SUPERIOR;;;;SE DIO SOLUCION EL MISMO DIA;1;AGOSTO;2021;OO.CC
177219;ID;SANTA VICTORIA 9448 N°2;BUREAU VERITAS (SCN);LA FLORIDA;JAIME SOTO;01-09-2021;LUIS SANDOVAL;SUBTERRÁNEA;NO;;;;PENDIENTE TERMINACION DE BOQUILLAS;;;;SE DIO SOLUCION EL MISMO DIA;1;SEPTIEMBRE;2021;OO.CC
2878542;NV;ALVARO CASANOVA 4172;BUREAU VERITAS (EMYLEC);PEÑALOLEN ;JAIME SOTO;06-09-2021;BRIAN PONCE DE LEÓN;SUBTERRÁNEA;NO;;;;CALZADA ORIENTE PENDIENTE EJECUCION DE SELLO DE REPOSICION FINAL;;;;AVANCE N°2 ;1;SEPTIEMBRE;2021;OO.CC
2878542;NV;ALVARO CASANOVA 4172;BUREAU VERITAS (EMYLEC);PEÑALOLEN ;JAIME SOTO;06-09-2021;BRIAN PONCE DE LEÓN;SUBTERRÁNEA;NO;;;;PENDIENTE CORTES DE ACERAS DE HORMIGON.;;;;;1;SEPTIEMBRE;2021;OO.CC
2878542;NV;ALVARO CASANOVA 4172;BUREAU VERITAS (EMYLEC);PEÑALOLEN ;JAIME SOTO;06-09-2021;BRIAN PONCE DE LEÓN;SUBTERRÁNEA;NO;;;;PENDIENTE INSTALACION DE LOGOS DE CAMARAS.;;;;;1;SEPTIEMBRE;2021;OO.CC
2878542;NV;ALVARO CASANOVA 4172;BUREAU VERITAS (EMYLEC);PEÑALOLEN ;JAIME SOTO;06-09-2021;BRIAN PONCE DE LEÓN;SUBTERRÁNEA;NO;;;;REPOSICION DE CALZADA CON OBSERVACIONES, DESNIVEL DE REPOSICION NUEVA;;;;;1;SEPTIEMBRE;2021;OO.CC
15489;PI;JUAN MOYA MORALES 332;BUREAU VERITAS (SCN);ÑUÑOA;JAIME SOTO;08-09-2021;LUIS SANDOVAL;SUBTERRÁNEA;NO;;;;;;;;;0;SEPTIEMBRE;2021;OO.CC
2865134;NV;EL GUALLE N° 7815;ENERPA;LA FLORIDA;JAIME SOTO;10-09-2021;JOSE NILO;SUBTERRÁNEA;NO;;;;;;;;;0;SEPTIEMBRE;2021;OO.CC
2853905;NV;PEDRO OÑA N° 35;ENERPA;ÑUÑOA;JAIME SOTO;10-09-2021;ISADU NILO;SUBTERRÁNEA;NO;;;;CÁMARA DM-2217, NIDOS CON ENFIERRADURA A LA VISTA.;;;;;1;SEPTIEMBRE;2021;OO.CC
2853905;NV;PEDRO OÑA N° 35;ENERPA;ÑUÑOA;JAIME SOTO;10-09-2021;ISADU NILO;SUBTERRÁNEA;NO;;;;RETIRO DE HORMIGÓN DE MUROS DE DM-2217;;;;;1;SEPTIEMBRE;2021;OO.CC
2853905;NV;PEDRO OÑA N° 35;ENERPA;ÑUÑOA;JAIME SOTO;10-09-2021;ISADU NILO;SUBTERRÁNEA;NO;;;;MALA TERMINACION EN BOQUILLAS EN DM-2293 + DM-2308;;;;;1;SEPTIEMBRE;2021;OO.CC
2853905;NV;PEDRO OÑA N° 35;ENERPA;ÑUÑOA;JAIME SOTO;10-09-2021;ISADU NILO;SUBTERRÁNEA;NO;;;;TERMINACION DE VIGA DE HORMIGÓN;;;;;1;SEPTIEMBRE;2021;OO.CC
2855290;NV;OBISPO ARTURO ESPINOZA N° 2231;BUREAU VERITAS (ESPECTRO);MACUL;JAIME SOTO;15-09-2021;MANUEL LAZO;SUBTERRÁNEA;NO;;;;TERMINACION DE BOQUILLAS NO SE PUEDEN MEJORAR YA QUE EXISTEN OO.EE EJECUTADAS;;;;;1;SEPTIEMBRE;2021;OO.CC
2878542;NV;ALVARO CASANOVA N° 4172 N° 3;BUREAU VERITAS (EMYLEC);PEÑALOLEN ;JAIME SOTO;21-09-2021;BRIAN PONCE DE LEÓN;SUBTERRÁNEA;NO;;;;PISO DE CAMARA CON OBSERVACIONES, PISO CON RESTOS DE HORMIGON Y SIN PENDIENTE SEGÚN NORMA;;;;;1;SEPTIEMBRE;2021;OO.CC
2878542;NV;ALVARO CASANOVA N° 4172 N° 3;BUREAU VERITAS (EMYLEC);PEÑALOLEN ;JAIME SOTO;21-09-2021;BRIAN PONCE DE LEÓN;SUBTERRÁNEA;NO;;;;PENDIENTE CORTES EN ACERA.;;;;;1;SEPTIEMBRE;2021;OO.CC
177132;ID;AV DEPARTAMENTAL N° 1475;BUREAU VERITAS (SCN);LA FLORIDA;JAIME SOTO;04-10-2021;LUIS SANDOVAL;SUBTERRÁNEA;NO;;;;PENDIENTE INSTALACION DE TAPAS;;;;;1;OCTUBRE;2021;OO.CC
177132;ID;AV DEPARTAMENTAL N° 1475;BUREAU VERITAS (SCN);LA FLORIDA;JAIME SOTO;04-10-2021;LUIS SANDOVAL;SUBTERRÁNEA;NO;;;;PENDIENTE INSTALACION DE LOGOS;;;;;1;OCTUBRE;2021;OO.CC
2839433;NV;EL GUALLE 8039;BUREAU VERITAS (FOCUS);LA FLORIDA;JAIME SOTO;07-10-2021;LUIS SANDOVAL;SUBTERRÁNEA;NO;;;;PENDIENTE REMATES AL INTERIOR DE CAMARA;;;;;1;OCTUBRE;2021;OO.CC
2895012;NV;ZAÑARTU N° 1111;INGEVEC;ÑUÑOA;JAIME SOTO;19-10-2021;GUILLERMO PERALTA;SUBTERRÁNEA;NO;;;;PISO DE CAMARA SIN LA PENDIENTE CORRSPONDIENTE;;;;;1;OCTUBRE;2021;OO.CC
2895012;NV;ZAÑARTU N° 1111;INGEVEC;ÑUÑOA;JAIME SOTO;19-10-2021;GUILLERMO PERALTA;SUBTERRÁNEA;NO;;;;LATERAL A POSTE 4X90MM SOLO 0,30 INSTALADO, PROYECTADO INDICA 3MT;;;;;1;OCTUBRE;2021;OO.CC
2895012;NV;ZAÑARTU N° 1111;INGEVEC;ÑUÑOA;JAIME SOTO;19-10-2021;GUILLERMO PERALTA;SUBTERRÁNEA;NO;;;;SOLO UNA TIERRA INSTALADA Y LA EXISTENTE FUERA DE NORMA ENEL;;;;;1;OCTUBRE;2021;OO.CC
2865346;NV;PEDRO RICO 5479;ENERPA;ÑUÑOA;JAIME SOTO;22-10-2021;JOSE NILO;SUBTERRÁNEA;NO;;;;;;;;;0;OCTUBRE;2021;OO.CC
2828888;NV;BRIONES LUCO N° 236;INGEVEC;LA CISTERNA;JAIME SOTO;25-10-2021;NICOLAS URRUTIA;SUBTERRÁNEA;NO;;;;CUELLO DE CÁMARA FUERA DE NORMA;;;;;1;OCTUBRE;2021;OO.CC
2828888;NV;BRIONES LUCO N° 236;INGEVEC;LA CISTERNA;JAIME SOTO;25-10-2021;NICOLAS URRUTIA;SUBTERRÁNEA;NO;;;;REMATES EN CUELLO DE CÁMARA.;;;;;1;OCTUBRE;2021;OO.CC
2828888;NV;BRIONES LUCO N° 236;INGEVEC;LA CISTERNA;JAIME SOTO;25-10-2021;NICOLAS URRUTIA;SUBTERRÁNEA;NO;;;;REPARACIÓN DE TAPA DE CÁMARA;;;;;1;OCTUBRE;2021;OO.CC
2860003;NV;JOSE URETA 180;Bureau Veritas (EMYLEC);LA CISTERNA;JAIME SOTO;26-10-2021;BRIAN PONCE DE LEÓN;SUBTERRÁNEA;NO;;;;;;;;;0;OCTUBRE;2021;OO.CC
2890117;NV;PALENA 3030;Bureau Veritas (EMYLEC);ÑUÑOA;JAIME SOTO;27-10-2021;DANIEL ALVARADO;SUBTERRÁNEA;NO;;;;;;;;;0;OCTUBRE;2021;OO.CC
2889126;NV;AV OSSA N° 480;ENERPA;LA CISTERNA;JAIME SOTO;03-11-2021;BRIAN PONCE DE LEÓN;SUBTERRÁNEA;NO;;;;DUCTO DE 140 MM OBSTRUIDO;;;;;1;NOVIEMBRE;2021;OO.CC
2889126;NV;AV OSSA N° 480;ENERPA;LA CISTERNA;JAIME SOTO;03-11-2021;BRIAN PONCE DE LEÓN;SUBTERRÁNEA;NO;;;;LIMPIEZA DE PISO DE CÁMARA;;;;;1;NOVIEMBRE;2021;OO.CC
2889126;NV;AV OSSA N° 480;ENERPA;LA CISTERNA;JAIME SOTO;03-11-2021;BRIAN PONCE DE LEÓN;SUBTERRÁNEA;NO;;;;LIMPIEZA SUPERIOR DE LA ZONA DE TRABAJO;;;;;1;NOVIEMBRE;2021;OO.CC
2889126;NV;AV OSSA N° 480;ENERPA;LA CISTERNA;JAIME SOTO;03-11-2021;BRIAN PONCE DE LEÓN;SUBTERRÁNEA;NO;;;;REPARACIÓN DE SOLERILLA, ITOS DE HORMIGÓN, BALDOSA.;;;;;1;NOVIEMBRE;2021;OO.CC
177132;ID;AV DEPARTAMENTAL 1475;ENERPA;LA FLORIDA;JAIME SOTO;08-11-2021;CESAR ANDRADE;SUBTERRÁNEA;NO;;;;TERMINACIÓN MARCO DE BÓVEDA;;;;;1;NOVIEMBRE;2021;OO.CC
177132;ID;AV DEPARTAMENTAL 1475;ENERPA;LA FLORIDA;JAIME SOTO;08-11-2021;CESAR ANDRADE;SUBTERRÁNEA;NO;;;;PENDIENTE INSTALACIÓN DE LOGO EN BÓVEDA;;;;;1;NOVIEMBRE;2021;OO.CC
177132;ID;AV DEPARTAMENTAL 1475;ENERPA;LA FLORIDA;JAIME SOTO;08-11-2021;CESAR ANDRADE;SUBTERRÁNEA;NO;;;;NIVELACIÓN DE PISO DE CÁMARA DM-2300;;;;;1;NOVIEMBRE;2021;OO.CC
2878219;NV;GOYCOLEA 720;URBELEC;LA CISTERNA;JAIME SOTO;08-11-2021;DANIEL ALVARADO;SUBTERRÁNEA;NO;;;;;;;;;0;NOVIEMBRE;2021;OO.CC
2877664;NV;FUENZALIDA URREJOLA N° 490;CONSTRUCTORA RVC;LA CISTERNA;JAIME SOTO;08-11-2021;SEBASTIAN MENESES;SUBTERRÁNEA;NO;;;;MARCO Y TAPA NO CORRESPONDE A NORMA ENEL;;;;;1;NOVIEMBRE;2021;OO.CC
2877664;NV;FUENZALIDA URREJOLA N° 490;CONSTRUCTORA RVC;LA CISTERNA;JAIME SOTO;08-11-2021;SEBASTIAN MENESES;SUBTERRÁNEA;NO;;;;TERMINACIÓN DE CUELLO CON MARCO DE CÁMARA;;;;;1;NOVIEMBRE;2021;OO.CC
2877664;NV;FUENZALIDA URREJOLA N° 490;CONSTRUCTORA RVC;LA CISTERNA;JAIME SOTO;08-11-2021;SEBASTIAN MENESES;SUBTERRÁNEA;NO;;;;REMATAR ESTUCO DE MURO DE CÁMARA DM-2201;;;;;1;NOVIEMBRE;2021;OO.CC
2877664;NV;FUENZALIDA URREJOLA N° 490;CONSTRUCTORA RVC;LA CISTERNA;JAIME SOTO;08-11-2021;SEBASTIAN MENESES;SUBTERRÁNEA;NO;;;;LIMPIEZA DE PISO DE CAMARILLA DM-2201;;;;;1;NOVIEMBRE;2021;OO.CC
2901854;NV;IRARRAZAVAL N° 4994;URBELEC;ÑUÑOA;JAIME SOTO;09-11-2021;DANIEL ALVARADO;SUBTERRÁNEA;NO;;;;MEJORAR FRAGUE DE BALDOSA;;;;;1;NOVIEMBRE;2021;OO.CC
2901854;NV;IRARRAZAVAL N° 4994;URBELEC;ÑUÑOA;JAIME SOTO;09-11-2021;DANIEL ALVARADO;SUBTERRÁNEA;NO;;;;REPARACIÓN DE 3 PALMETAS SOPLADAS.;;;;;1;NOVIEMBRE;2021;OO.CC
15486;PI;LOS OLMOS N° 3031;Bureau Veritas (FOCUS);MACUL;JAIME SOTO;09-11-2021;LUIS SANDOVAL;SUBTERRÁNEA;NO;;;;MARCO Y TAPA DESNIVELADO DE FABRICA;;;;;1;NOVIEMBRE;2021;OO.CC
15486;PI;LOS OLMOS N° 3031;Bureau Veritas (FOCUS);MACUL;JAIME SOTO;09-11-2021;LUIS SANDOVAL;SUBTERRÁNEA;NO;;;;PENDIENTE REPOSICIÓN DE JARDIN;;;;;1;NOVIEMBRE;2021;OO.CC
15486;PI;LOS OLMOS N° 3031;Bureau Veritas (FOCUS);MACUL;JAIME SOTO;09-11-2021;LUIS SANDOVAL;SUBTERRÁNEA;NO;;;;TAPAS CON REPOSICIÓN EN MAL ESTADO;;;;;1;NOVIEMBRE;2021;OO.CC
15486;PI;LOS OLMOS N° 3031;Bureau Veritas (FOCUS);MACUL;JAIME SOTO;09-11-2021;LUIS SANDOVAL;SUBTERRÁNEA;NO;;;;REPARAR DUCTO CON CANTO VIVO EN CÁMARA DM-2200;;;;;1;NOVIEMBRE;2021;OO.CC
2878216;NV;FRANCISCO DE VILLAGRA N° 161;Bureau Veritas (FOCUS);ÑUÑOA;JAIME SOTO;09-11-2021;LUIS SANDOVAL;SUBTERRÁNEA;NO;;;;MARCO Y TAPA DESNIVELADO DE FABRICA;;;;;1;NOVIEMBRE;2021;OO.CC
2878216;NV;FRANCISCO DE VILLAGRA N° 161;Bureau Veritas (FOCUS);ÑUÑOA;JAIME SOTO;09-11-2021;LUIS SANDOVAL;SUBTERRÁNEA;NO;;;;TAPAS CON REPOSICIÓN EN MAL ESTADO;;;;;1;NOVIEMBRE;2021;OO.CC
2859749;NV;ANTUPIREN N° 10001;URBELEC;PEÑALOLEN ;JAIME SOTO;09-11-2021;DANIEL ALVARADO;SUBTERRÁNEA;NO;;;;LIMPIEZA DE BOQUILLAS EN CÁMARA DM-2300;;;;;1;NOVIEMBRE;2021;OO.CC
2859749;NV;ANTUPIREN N° 10001;URBELEC;PEÑALOLEN ;JAIME SOTO;09-11-2021;DANIEL ALVARADO;SUBTERRÁNEA;NO;;;;ESTUCO DE CUELLO EN CÁMARA DM-2300 Y DM-2200;;;;;1;NOVIEMBRE;2021;OO.CC
2859749;NV;ANTUPIREN N° 10001;URBELEC;PEÑALOLEN ;JAIME SOTO;09-11-2021;DANIEL ALVARADO;SUBTERRÁNEA;NO;;;;NIVELAR PISO EN CÁMARA DM-2300 Y DM-2200;;;;;1;NOVIEMBRE;2021;OO.CC
2865447;NV;SANTA VICTORIA N° 9448;ENERPA;ÑUÑOA;JAIME SOTO;11-11-2021;JOSE NILO;SUBTERRÁNEA;NO;;;;;;;;;0;NOVIEMBRE;2021;OO.CC
2874463;NV;IRARRAZAVAL N° 2700;Bureau Veritas (SCN);ÑUÑOA;JAIME SOTO;12-11-2021;LUIS SANDOVAL;SUBTERRÁNEA;NO;;;;;;;;;0;NOVIEMBRE;2021;OO.CC
2878216;NV;FRANCISCO DE VILLAGRA N° 161;Bureau Veritas (FOCUS);ÑUÑOA;JAIME SOTO;19-11-2021;MANUEL LAZO;SUBTERRÁNEA;NO;;;;;;;;;0;NOVIEMBRE;2021;OO.CC
2801169;NV;VICUÑA MACKENNA 11346;URBELEC;LA FLORIDA;JAIME SOTO;06-12-2021;MIGUEL FARIAS;SUBTERRÁNEA;SI;8;Terminaciones interiores (muros y losas) de acuerdo a norma;CÁMARAS;SE DEBE REALIZAR TERMINACIÓN ENTRE CUELLO Y MARCO DE CÁMARA;;;;;1;DICIEMBRE;2021;OO.CC
2801169;NV;VICUÑA MACKENNA 11346;URBELEC;LA FLORIDA;JAIME SOTO;06-12-2021;MIGUEL FARIAS;SUBTERRÁNEA;SI;8;Terminaciones interiores (muros y losas) de acuerdo a norma;CÁMARAS;SE DEBEN RETIRAR REGLAS DE REPOSICIÓN DE ACERAS;;;;;1;DICIEMBRE;2021;OO.CC
2801169;NV;VICUÑA MACKENNA 11346;URBELEC;LA FLORIDA;JAIME SOTO;06-12-2021;MIGUEL FARIAS;SUBTERRÁNEA;SI;8;Terminaciones interiores (muros y losas) de acuerdo a norma;CÁMARAS;LIMPIEZA DE PISO DE CÁMARA;;;;;1;DICIEMBRE;2021;OO.CC
178544;NV;PALENA 3030;URBELEC;LA FLORIDA;JAIME SOTO;06-12-2021;MIGUEL FARIAS;SUBTERRÁNEA;SI;8;Terminaciones interiores (muros y losas) de acuerdo a norma;CÁMARAS;SE DEBE APLOMAR MUROS INTERIORES CON MARCO DE CAMARA;;;;;1;DICIEMBRE;2021;OO.CC
178544;NV;PALENA 3030;URBELEC;LA FLORIDA;JAIME SOTO;06-12-2021;MIGUEL FARIAS;SUBTERRÁNEA;SI;8;Terminaciones interiores (muros y losas) de acuerdo a norma;CÁMARAS;PENDIENTE INSTALACIÓN DE LOGO;;;;;1;DICIEMBRE;2021;OO.CC
2907477;NV;PEDRO DE VALDIVIA 2765;ENERPA;ÑUÑOA;JAIME SOTO;06-12-2021;ARIEL OÑATE;SUBTERRÁNEA;NO;;;;;;;;;0;DICIEMBRE;2021;OO.CC
2816197;NV;LO OVALLE 0330 ;ENERPA;LA CISTERNA;JAIME SOTO;06-12-2021;ARIEL OÑATE;SUBTERRÁNEA;NO;;;;;;;;;0;DICIEMBRE;2021;OO.CC
2885873;NV;JULIO PRADO 2110;URBELEC;ÑUÑOA;JAIME SOTO;10-12-2021;MIGUEL FARIAS;SUBTERRÁNEA;SI;8;Terminaciones interiores (muros y losas) de acuerdo a norma;CÁMARAS;ENFIERRADURA A LA VISTA;;;;;1;DICIEMBRE;2021;OO.CC
2885873;NV;JULIO PRADO 2110;URBELEC;ÑUÑOA;JAIME SOTO;10-12-2021;MIGUEL FARIAS;SUBTERRÁNEA;SI;8;Terminaciones interiores (muros y losas) de acuerdo a norma;CÁMARAS;SE DEBEN RETIRAR REGLAS DE REPOSICIÒN DE ACERAS;;;;;1;DICIEMBRE;2021;OO.CC
2885873;NV;JULIO PRADO 2110;URBELEC;ÑUÑOA;JAIME SOTO;10-12-2021;MIGUEL FARIAS;SUBTERRÁNEA;SI;8;Terminaciones interiores (muros y losas) de acuerdo a norma;CÁMARAS;LIMPIEZA DE PISO DE CAMARA (RESTOS DE HORMIGÓN);;;;;1;DICIEMBRE;2021;OO.CC
2859749;NV;ANTUPIREN N° 10001;URBELEC;PEÑALOLEN ;JAIME SOTO;10-12-2021;MIGUEL FARIAS;SUBTERRÁNEA;SI;8;Terminaciones interiores (muros y losas) de acuerdo a norma;CÁMARAS;LIMPIEZA DE BOQUILLAS EN CÁMARA DM-2300;;;;;1;DICIEMBRE;2021;OO.CC
2859749;NV;ANTUPIREN N° 10001;URBELEC;PEÑALOLEN ;JAIME SOTO;10-12-2021;MIGUEL FARIAS;SUBTERRÁNEA;SI;8;Terminaciones interiores (muros y losas) de acuerdo a norma;CÁMARAS;TEMINACIÓN DE PISO EN CAMARA DM-2300;;;;;1;DICIEMBRE;2021;OO.CC
2883130;NV;CAMINO DEL PAISAJE 6562;ENERPA;LA FLORIDA;JAIME SOTO;10-12-2021;HECTOR VENEGAS;SUBTERRÁNEA;SI;1;Separaciòn de cables/ductos de acuerdo a norma (incluye separador);CANALIZACIONES;PENDIENTE LLEGADA DE DUCTOS A CAMARA DM-2200;;;;;1;DICIEMBRE;2021;OO.CC
2883130;NV;CAMINO DEL PAISAJE 6562;ENERPA;LA FLORIDA;JAIME SOTO;10-12-2021;HECTOR VENEGAS;SUBTERRÁNEA;SI;2;Número y/o Cantidad de Ductos (según proyecto);CANALIZACIONES;;;;;;0;DICIEMBRE;2021;OO.CC
2883130;NV;CAMINO DEL PAISAJE 6562;ENERPA;LA FLORIDA;JAIME SOTO;10-12-2021;HECTOR VENEGAS;SUBTERRÁNEA;SI;3;Diámetro de ductos (según indica el proyecto);CANALIZACIONES;;;;;;0;DICIEMBRE;2021;OO.CC
2883130;NV;CAMINO DEL PAISAJE 6562;ENERPA;LA FLORIDA;JAIME SOTO;10-12-2021;HECTOR VENEGAS;SUBTERRÁNEA;SI;4;Distancia de Cruces, Paralelismos con otros Servicios (de acuerdo a norma);CANALIZACIONES;;;;;;0;DICIEMBRE;2021;OO.CC
2883130;NV;CAMINO DEL PAISAJE 6562;ENERPA;LA FLORIDA;JAIME SOTO;10-12-2021;HECTOR VENEGAS;SUBTERRÁNEA;SI;5;Relleno se realiza de acuerdo a Norma;COMPACTACIÓN;;;;;;0;DICIEMBRE;2021;OO.CC
2883130;NV;CAMINO DEL PAISAJE 6562;ENERPA;LA FLORIDA;JAIME SOTO;10-12-2021;HECTOR VENEGAS;SUBTERRÁNEA;SI;6;Compactación de terreno de acuerdo a norma o indicación de proyecto;COMPACTACIÓN;;;;;;0;DICIEMBRE;2021;OO.CC
2883130;NV;CAMINO DEL PAISAJE 6562;ENERPA;LA FLORIDA;JAIME SOTO;10-12-2021;HECTOR VENEGAS;SUBTERRÁNEA;SI;8;Terminaciones interiores (muros y losas) de acuerdo a norma;CÁMARAS;LIMPIEZA AL INTERIOR DE CAMARA;;;;;1;DICIEMBRE;2021;OO.CC
2862441;NV;BRIONES LUCO N° 0355;Constructora UPC;LA CISTERNA;JAIME SOTO;14-12-2021;JUAN CARLOS GONZALEZ;SUBTERRÁNEA;SI;8;Terminaciones interiores (muros y losas) de acuerdo a norma;CÁMARAS;TERMINACIONES DEFICIENTES EN CUELLO DE CAMARA;;;;;1;DICIEMBRE;2021;OO.CC
2862441;NV;BRIONES LUCO N° 0355;Constructora UPC;LA CISTERNA;JAIME SOTO;14-12-2021;JUAN CARLOS GONZALEZ;SUBTERRÁNEA;SI;8;Terminaciones interiores (muros y losas) de acuerdo a norma;CÁMARAS;TERMINACION DE CUELLO CON MARCO DE CAMARA;;;;;1;DICIEMBRE;2021;OO.CC
2862441;NV;BRIONES LUCO N° 0355;Constructora UPC;LA CISTERNA;JAIME SOTO;14-12-2021;JUAN CARLOS GONZALEZ;SUBTERRÁNEA;SI;13;Tierra de Protección ( _____ Ω);CÁMARAS;INSTALACION DE TIERRAS DE SERVICIO Y PROTECCION FUERA DE NORMA;;;;;1;DICIEMBRE;2021;OO.CC
2862441;NV;BRIONES LUCO N° 0355;Constructora UPC;LA CISTERNA;JAIME SOTO;14-12-2021;JUAN CARLOS GONZALEZ;SUBTERRÁNEA;SI;2;Número y/o Cantidad de Ductos (según proyecto);CANALIZACIONES;PENDIENTE CANALIZACION LATERAL A POSTE Y LLEGADA A EDIFICIO;;;;;1;DICIEMBRE;2021;OO.CC
178544;ID;PALENA 3030;URBELEC;LA FLORIDA;JAIME SOTO;17-12-2021;MIGUEL FARIAS;SUBTERRÁNEA;NO;;;;;;;;;0;DICIEMBRE;2021;OO.CC
2801169;NV;VICUÑA MACKENNA 11346;URBELEC;LA FLORIDA;JAIME SOTO;17-12-2021;MIGUEL FARIAS;SUBTERRÁNEA;NO;;;;;;;;;0;DICIEMBRE;2021;OO.CC
2885873;NV;JULIO PRADO 2110;URBELEC;ÑUÑOA;JAIME SOTO;17-12-2021;MIGUEL FARIAS;SUBTERRÁNEA;NO;;;;;;;;;0;DICIEMBRE;2021;OO.CC
2895017;NV;WALKER MARTINEZ 1165;URBELEC;LA FLORIDA;JAIME SOTO;28-12-2021;ARIEL MORA;SUBTERRÁNEA;NO;;;;;;;;;0;DICIEMBRE;2021;OO.CC
2916798;NV;TOBALABA N° 7651;URBELEC;LA FLORIDA;JAIME SOTO;28-12-2021;MIGUEL FARIAS;SUBTERRÁNEA;SI;2;Número y/o Cantidad de Ductos (según proyecto);CANALIZACIONES;;;;;;0;DICIEMBRE;2021;OO.CC
2859749;NV;ANTUPIREN N° 10001;URBELEC;PEÑALOLEN ;JAIME SOTO;28-12-2021;MIGUEL FARIAS;SUBTERRÁNEA;NO;;;;;;;;;0;DICIEMBRE;2021;OO.CC
2901854;NV;IRARRAZAVAL 4994;URBELEC;ÑUÑOA;JAIME SOTO;28-12-2021;DANIEL ALVARADO;SUBTERRÁNEA;SI;2;Número y/o Cantidad de Ductos (según proyecto);CANALIZACIONES;;;;;;0;DICIEMBRE;2021;OO.CC
2859749;NV;ANTUPIREN N° 10001;Constructora Novatec;PEÑALOLEN ;JAIME SOTO;04-01-2022;EDWIN SALLE;SUBTERRÁNEA;SI;9;Nivelación y ajustes de Marco y Tapa, sin oscilaciones ni deformaciones;CÁMARAS;SE DEBEN REPARAR TAPAS DE CÁMARAS (AGRIETADAS);;;;;1;ENERO;2022;OO.CC
2859749;NV;ANTUPIREN N° 10001;Constructora Novatec;PEÑALOLEN ;JAIME SOTO;04-01-2022;EDWIN SALLE;SUBTERRÁNEA;SI;8;Terminaciones interiores (muros y losas) de acuerdo a norma;CÁMARAS;SE DEBE MEJORAR TERMINACIÓN INTERIOR ENTRE MURO Y LOSA;;;;;1;ENERO;2022;OO.CC
2859749;NV;ANTUPIREN N° 10001;Constructora Novatec;PEÑALOLEN ;JAIME SOTO;04-01-2022;EDWIN SALLE;SUBTERRÁNEA;SI;9;Nivelación y ajustes de Marco y Tapa, sin oscilaciones ni deformaciones;CÁMARAS;PENDIENTE INSTALACION DE LOGOS DE CAMARAS.;;;;;1;ENERO;2022;OO.CC
2859749;NV;ANTUPIREN N° 10001;Constructora Novatec;PEÑALOLEN ;JAIME SOTO;04-01-2022;EDWIN SALLE;SUBTERRÁNEA;SI;8;Terminaciones interiores (muros y losas) de acuerdo a norma;CÁMARAS;PENDIENTE ALAMBRADO DE DUCTOS Y PRUEBA DE LIBRE PASO;;;;;1;ENERO;2022;OO.CC
2859749;NV;ANTUPIREN N° 10001;Constructora Novatec;PEÑALOLEN ;JAIME SOTO;04-01-2022;EDWIN SALLE;SUBTERRÁNEA;SI;9;Nivelación y ajustes de Marco y Tapa, sin oscilaciones ni deformaciones;CÁMARAS;SE DEBEN REPARAR TAPAS DE CÁMARAS (AGRIETADAS);;;;;1;ENERO;2022;OO.CC
2859749;NV;ANTUPIREN N° 10001;Constructora Novatec;PEÑALOLEN ;JAIME SOTO;04-01-2022;EDWIN SALLE;SUBTERRÁNEA;SI;8;Terminaciones interiores (muros y losas) de acuerdo a norma;CÁMARAS;SE DEBE MEJORAR TERMINACIÓN INTERIOR ENTRE MURO Y LOSA;;;;;1;ENERO;2022;OO.CC
2859749;NV;ANTUPIREN N° 10001;Constructora Novatec;PEÑALOLEN ;JAIME SOTO;04-01-2022;EDWIN SALLE;SUBTERRÁNEA;SI;9;Nivelación y ajustes de Marco y Tapa, sin oscilaciones ni deformaciones;CÁMARAS;PENDIENTE INSTALACION DE LOGOS DE CAMARAS.;;;;;1;ENERO;2022;OO.CC
2859749;NV;ANTUPIREN N° 10001;Constructora Novatec;PEÑALOLEN ;JAIME SOTO;04-01-2022;EDWIN SALLE;SUBTERRÁNEA;SI;8;Terminaciones interiores (muros y losas) de acuerdo a norma;CÁMARAS;PENDIENTE ALAMBRADO DE DUCTOS Y PRUEBA DE LIBRE PASO;;;;;1;ENERO;2022;OO.CC
2902950;NV;ÁLVARO CASANOVA Nº1853;URBELEC;LA REINA;JAIME SOTO;06-01-2022;DANIEL ALVARADO;SUBTERRÁNEA;NO;;;;;;;;;0;ENERO;2022;OO.CC
2857299;NV;LAS VERBENAS Nº5439;ENERPA;ÑUÑOA;JAIME SOTO;06-01-2022;ROBINSON RAMÍREZ;SUBTERRÁNEA;NO;;;;;;;;;0;ENERO;2022;OO.CC
2865134;NV;EL HUALLE Nº7815;ENERPA;PEÑALOLEN ;JAIME SOTO;06-01-2022;ROBINSON RAMÍREZ;SUBTERRÁNEA;SI;2;Número y/o Cantidad de Ductos (según proyecto);CANALIZACIONES;PENDIENTE LA INSTALACIÓN DE DUCTO DE EMPALME;;;;;1;ENERO;2022;OO.CC
2865134;NV;EL HUALLE Nº7815;ENERPA;PEÑALOLEN ;JAIME SOTO;06-01-2022;ROBINSON RAMÍREZ;SUBTERRÁNEA;SI;2;Número y/o Cantidad de Ductos (según proyecto);CANALIZACIONES;SE DEBE REPARAR UN DUCTO EN DM-2200;;;;;1;ENERO;2022;OO.CC
2865134;NV;EL HUALLE Nº7815;ENERPA;PEÑALOLEN ;JAIME SOTO;06-01-2022;ROBINSON RAMÍREZ;SUBTERRÁNEA;SI;12;Instalación de Drenaje (rejillas) de acuerdo a norma;CÁMARAS;SE DEBE MEJORAR DRENAJE EN CÁMARA;;;;;1;ENERO;2022;OO.CC
2859749;NV;ANTUPIREN N° 10001;Constructora Novatec;PEÑALOLEN ;JAIME SOTO;07-01-2022;MARCO CAPONE;SUBTERRÁNEA;NO;;;;;;;;;0;ENERO;2022;OO.CC
2859749;NV;ANTUPIREN N° 10001;Constructora Novatec;PEÑALOLEN ;JAIME SOTO;07-01-2022;MARCO CAPONE;SUBTERRÁNEA;NO;;;;;;;;;0;ENERO;2022;OO.CC
2884174;NV;ALCALDE JORGE MONCKEBERG Nº171;Bureau Veritas (FOCUS);ÑUÑOA;JAIME SOTO;07-01-2022;LUIS SANDOVAL;SUBTERRÁNEA;NO;;;;;;;;;0;ENERO;2022;OO.CC
2895012;NV;ZAÑARTU N° 1111;Constructora Ingevec;ÑUÑOA;JAIME SOTO;11-01-2022;GUILLERMO PERALTA;SUBTERRÁNEA;SI;13;Tierra de Protección ( _____ Ω);CÁMARAS;PENDIENTE INSTALACIÓN DE LOGO NUMÉRICO;;;;;1;ENERO;2022;OO.CC
2895012;NV;ZAÑARTU N° 1111;Constructora Ingevec;ÑUÑOA;JAIME SOTO;11-01-2022;GUILLERMO PERALTA;SUBTERRÁNEA;SI;13;Tierra de Protección ( _____ Ω);CÁMARAS;LATERAL A POSTE 4X90MM SOLO 0,30 INSTALADO, PROYECTADO INDICA 4MT;;;;;1;ENERO;2022;OO.CC
2895012;NV;ZAÑARTU N° 1111;Constructora Ingevec;ÑUÑOA;JAIME SOTO;11-01-2022;GUILLERMO PERALTA;SUBTERRÁNEA;SI;13;Tierra de Protección ( _____ Ω);CÁMARAS;TIERRAS DE SERVICIO Y PROTECCIÓN FUERA DE NORMA;;;;;1;ENERO;2022;OO.CC
2862441;NV;BRIONES LUCO Nº0355;Constructora UPC;LA CISTERNA;JAIME SOTO;17-01-2022;TABATA INZUNZA;SUBTERRÁNEA;SI;8;Terminaciones interiores (muros y losas) de acuerdo a norma;CÁMARAS;TERMINACIONES DEFICIENTES EN CUELLO DE CAMARA;;;;;1;ENERO;2022;OO.CC
2862441;NV;BRIONES LUCO Nº0355;Constructora UPC;LA CISTERNA;JAIME SOTO;17-01-2022;TABATA INZUNZA;SUBTERRÁNEA;SI;8;Terminaciones interiores (muros y losas) de acuerdo a norma;CÁMARAS;TERMINACIÓN DE CUELLO CON MARCO DE CÁMARA;;;;;1;ENERO;2022;OO.CC
2862441;NV;BRIONES LUCO Nº0355;Constructora UPC;LA CISTERNA;JAIME SOTO;17-01-2022;TABATA INZUNZA;SUBTERRÁNEA;SI;2;Número y/o Cantidad de Ductos (según proyecto);CANALIZACIONES;PENDIENTE CANALIZACIÓN LATERAL A POSTE 4X90;;;;;1;ENERO;2022;OO.CC
2862441;NV;BRIONES LUCO Nº0355;Constructora UPC;LA CISTERNA;JAIME SOTO;17-01-2022;TABATA INZUNZA;SUBTERRÁNEA;SI;8;Terminaciones interiores (muros y losas) de acuerdo a norma;CÁMARAS;TERMINACIÓN ENTRE LOSA SUPERIOR Y MUROS DE CÁMARA;;;;;1;ENERO;2022;OO.CC
189158;ID;AV. AMÉRICO VESPUCIO 2170;CLEVER GROUP;LA REINA;JOAN DIAZ ;17-01-2022;LUIS YAÑEZ;SUBTERRÁNEA;NO;;;;;;;;SE APRUEBA RECEPCIÓN CIVIL CON OBSERVACIONES MENORES;0;ENERO;2022;OO.CC
2862441;NV;BRIONES LUCO Nº0355;Constructora UPC;LA CISTERNA;JAIME SOTO;20-01-2022;TABATA INZUNZA;SUBTERRÁNEA;SI;2;Número y/o Cantidad de Ductos (según proyecto);CANALIZACIONES;PENDIENTE CANALIZACIÓN LATERAL A POSTE 4X90MM;;;;;1;ENERO;2022;OO.CC
2805364;NV;CRESCENTE ERRAZURIZ 291;SYNER;ÑUÑOA;ANDREA CORDOVA;28-01-2022;HANS INOSTROZA;SUBTERRÁNEA;NO;;;;;;;;;0;ENERO;2022;OO.CC
2880242;NV;ZAÑARTU N° 2801;ENERPA;ÑUÑOA;JAIME SOTO;31-01-2022;LUIS SANDOVAL;SUBTERRÁNEA;SI;2;Número y/o Cantidad de Ductos (según proyecto);CANALIZACIONES;SE DEBE NORMALIZAR CANALIZACIÓN RESPECTO A PROFUNDIDADES;;;;;1;ENERO;2022;OO.CC
2880242;NV;ZAÑARTU N° 2801;ENERPA;ÑUÑOA;JAIME SOTO;31-01-2022;LUIS SANDOVAL;SUBTERRÁNEA;SI;17;Espesor de la Reposición Pavimento Acera/Vereda según norma;REPOSICIÓN DE PAVIMENTOS;SE DEBEN NORMALIZAR REPOSICIÓN EN ACERA. SE SOLICITA APROBACIÓN E ACERAS POR PARTE DEL CLIENTE. MARCO Y TAPA DE CALZADA DEBE SER APROBADA POR EL GESTOR;;;;;1;ENERO;2022;OO.CC
2875842;NV;TRINIDAD ORIENTE 1533;BUREAU VERITAS (FOCUS);LA FLORIDA;ANDREA CORDOVA;10-02-2022;LUIS SANDOVAL;SUBTERRÁNEA;NO;;;;;;;;;0;FEBRERO;2022;OO.CC
2918070;NV;LAS ENCINAS 3298;BUREAU VERITAS (SCN);ÑUÑOA;ANDREA CORDOVA;14-02-2022;BRIAN PONCE DE LEÓN;SUBTERRÁNEA;NO;;;;;;;;;0;FEBRERO;2022;OO.CC
2884388;NV;LOS CIPRESES N°176;URBELEC;LA FLORIDA;JAIME SOTO;25-02-2022;MIGUEL FARIAS;SUBTERRÁNEA;SI;18;Reposición de señalética conforme condición original;REPOSICIÓN DE PAVIMENTOS;PENDIENTE DEMARCACIÓN DE CALZADA;;;;;1;FEBRERO;2022;OO.CC
2864494;NV;JOSÉ URETA N°501;BUREAU VERITAS (SCN);LA CISTERNA;JAIME SOTO;25-02-2022;BRIAN PONCE DE LEÓN;SUBTERRÁNEA;NO;;;;PENDIENTE INSTALACIÓN DE TAPAS DE CAMARILLA;;;;SE AUTORIZA A CANCELAR POR PARTE DE GESTOR, DEBEN SER ENTREGADAS POR ENEL;1;FEBRERO;2022;OO.CC
2859893;NV;LAS PALMERAS N°3170;ENERPA;ÑUÑOA;JAIME SOTO;28-02-2022;ROBINSON RAMÍREZ;SUBTERRÁNEA;SI;8;Terminaciones interiores (muros y losas) de acuerdo a norma;CÁMARAS;SE DEBE MEJORAR TERMINACIÓN EN CUELLO DE CÁMARA DM-2200;;;;;1;FEBRERO;2022;OO.CC
2859893;NV;LAS PALMERAS N°3170;ENERPA;ÑUÑOA;JAIME SOTO;28-02-2022;ROBINSON RAMÍREZ;SUBTERRÁNEA;SI;12;Instalación de Drenaje (rejillas) de acuerdo a norma;CÁMARAS;SE DEBE MEJORAR DRENAJE DE CÁMARA DM-2200;;;;;1;FEBRERO;2022;OO.CC
2859893;NV;LAS PALMERAS N°3170;ENERPA;ÑUÑOA;JAIME SOTO;28-02-2022;ROBINSON RAMÍREZ;SUBTERRÁNEA;SI;16;Espesor de la Reposición Pavimento de Calzada según norma;REPOSICIÓN DE PAVIMENTOS;TERMINACIÓN EN CALZADA (SELLO DE JUNTA Y DEMARCACIÓN VIAL);;;;;1;FEBRERO;2022;OO.CC
2859893;NV;LAS PALMERAS N°3170;ENERPA;ÑUÑOA;JAIME SOTO;28-02-2022;ROBINSON RAMÍREZ;SUBTERRÁNEA;SI;17;Espesor de la Reposición Pavimento Acera/Vereda según norma;REPOSICIÓN DE PAVIMENTOS;ACERA CON FISURAS;;;;;1;FEBRERO;2022;OO.CC
2877900;NV;CALLE NUEVA CUATRO N°6277;ENERPA;LA FLORIDA;JAIME SOTO;02-03-2022;HECTOR VENEGAS;SUBTERRÁNEA;SI;7;Tamaño/volumen de la cámara o bóveda de acuerdo a norma;CÁMARAS;TAPA DE CÁMARA FISURADA;;;;;1;MARZO;2022;OO.CC
2877900;NV;CALLE NUEVA CUATRO N°6277;ENERPA;LA FLORIDA;JAIME SOTO;02-03-2022;HECTOR VENEGAS;SUBTERRÁNEA;SI;7;Tamaño/volumen de la cámara o bóveda de acuerdo a norma;CÁMARAS;PENDIENTE INSTALACIÓN DE LOGO NUMÉRICO;;;;;1;MARZO;2022;OO.CC
2892008;NV;VICUÑA MACKENNA N° 3897;BUREAU VERITAS (ADMIEL);SAN JOAQUIN;ANDREA CORDOVA;02-03-2022;BRIAN PONCE DE LEÓN;SUBTERRÁNEA;NO;;;;;;;;;0;DICIEMBRE;2021;OO.CC
2901854;NV;IRARRAZAVAL 4994;URBELEC;ÑUÑOA;EDDIC MONZANT;01-12-2021;N/A;SUBTERRÁNEA;NO;;;;;;;;;0;DICIEMBRE;2021;OO.EE
2865346;NV;PEDRO RICO 5479;ENERPA;ÑUÑOA;MARIO ZAMBRANO;02-12-2021;SERGIO ARCE;AEREA;NO;;;;;;;;;0;DICIEMBRE;2021;OO.EE
2889160;NV;CALLE NUEVA UNO 6474;ENERPA;LA FLORIDA;MARIO ZAMBRANO;03-12-2021;N/A;SUBTERRÁNEA;NO;;;;;;;;;0;DICIEMBRE;2021;OO.EE
2816197;NV;LO OVALLE 330;ENERPA;LA CISTERNA;MARIO ZAMBRANO;03-12-2021;N/A;SUBTERRÁNEA;NO;;;;;;;;;0;DICIEMBRE;2021;OO.EE
2873745;NV;CARLOS DITTBORN 25;URBELEC;LA FLORIDA;MARIO ZAMBRANO;03-12-2021;N/A;AEREA;NO;;;;;;;;;0;DICIEMBRE;2021;OO.EE
2809290;NV;MACUL 3458;ENERPA;MACUL;MARIO ZAMBRANO;03-12-2021;N/A;AEREA;NO;;;;;;;;;0;DICIEMBRE;2021;OO.EE
2913174;NV;ALONSO DE ERCILLA 7935;ENERPA;LA FLORIDA;MARIO ZAMBRANO;09-12-2021;N/A;SUBTERRÁNEA;NO;;;;;;;;;0;DICIEMBRE;2021;OO.EE
2809593;NV;MARATHON 4100;BUREAU VERITAS;MACUL;EDDIC MONZANT;16-12-2021;N/A;AEREA;NO;;;;;;;;;0;DICIEMBRE;2021;OO.EE
2910917;NV;ALVARON CASANOVA 1826;ENERPA;LA REINA;MARIO ZAMBRANO;22-12-2021;N/A;AEREA;NO;;;;;;;;;0;DICIEMBRE;2021;OO.EE
2879078;NV;ZAÑARTU 2608;BUREAU VERITAS;ÑUÑOA;MARIO ZAMBRANO;22-12-2021;N/A;AEREA;NO;;;;;;;;;0;DICIEMBRE;2021;OO.EE
2895494;NV;COIPUE 3018;URBELEC;MACUL;MARIO ZAMBRANO;22-12-2021;N/A;AEREA;NO;;;;;;;;;0;DICIEMBRE;2021;OO.EE
2884174;NV;AV. ALCALDE JORGE MONCKEBERG 171;BUREAU VERITAS;ÑUÑOA;CHARLIE MEDINA;23-12-2021;ALEJANDRO VASQUEZ;AEREA;NO;;;;;;;;;0;DICIEMBRE;2021;OO.EE
2894785;NV;SANTA AMALIA 317;ENERPA;LA FLORIDA;MARIO ZAMBRANO;30-12-2021;N/A;AEREA;NO;;;;;;;;;0;DICIEMBRE;2021;OO.EE
2899821;NV;ZAÑARTU 980;ENERPA;ÑUÑOA;MARIO ZAMBRANO;30-12-2021;N/A;AEREA;NO;;;;;;;;;0;DICIEMBRE;2021;OO.EE
2892486;NV;GREGORIO DE LA FUENTE 3011;URBELEC;MACUL;MARIO ZAMBRANO;08-02-2021;N/A;AEREA;NO;;;;;;;;;0;FEBRERO;2021;OO.EE
94158;ID;VICUÑA MACKENA 8597;ENERPA;LA FLORIDA;MARIO ZAMBRANO;30-12-2021;N/A;AEREA;NO;;;;;;;;;0;DICIEMBRE;2021;OO.EE
2877286;NV;ROJAS MAGALLANES 2457;BUREAU VERITAS;LA FLORIDA;MARIO ZAMBRANO;07-01-2022;N/A;AEREA;NO;;;;;;;;;0;ENERO;2022;OO.EE
2905044;NV;GENERAL MIRANDA 2094;ENERPA;ÑUÑOA;MARIO ZAMBRANO;07-01-2022;N/A;AEREA;NO;;;;;;;;;0;ENERO;2022;OO.EE
2889160;NV;CALLE NUEVA UNO 6474;ENERPA;LA FLORIDA;MARIO ZAMBRANO;07-01-2022;N/A;AEREA;NO;;;;;;;;;0;ENERO;2022;OO.EE
2900177;NV;AMERICO VESPUCIO 2620;BUREAU VERITAS;PEÑALOLEN;MARIO ZAMBRANO;07-01-2022;N/A;AEREA;NO;;;;;;;;;0;ENERO;2022;OO.EE
2889754;NV;MANUEL RODRIGUEZ 9948;BUREAU VERITAS;LA FLORIDA;MARIO ZAMBRANO;07-01-2022;N/A;AEREA;SI;;;;;;;;;0;ENERO;2022;OO.EE
2873802;NV;LARRAIN 5941;BUREAU VERITAS;LA REINA;MARIO ZAMBRANO;07-01-2022;N/A;AEREA;NO;;;;;;;;;0;ENERO;2022;OO.EE
2885207;NV;GUEMES 511;BUREAU VERITAS;LA REINA;MARIO ZAMBRANO;07-01-2022;N/A;AEREA;SI;3;Reposición de aceras y/o calzadas conforme condición original;Fundación y Excavación;;;;;;1;ENERO;2022;OO.EE
2882841;NV;AV. LA FLORIDA 8764;BUREAU VERITAS;LA FLORIDA;MARIO ZAMBRANO;07-01-2022;N/A;AEREA;SI;;;;;;;;;0;ENERO;2022;OO.EE
2877664;NV;F URREJOLA 490;BUREAU VERITAS;LA CISTERNA;MARIO ZAMBRANO;07-01-2022;N/A;SUBTERRÁNEA;NO;3;Reposición de aceras y/o calzadas conforme condición original;Fundación y Excavación;;;;;;1;ENERO;2022;OO.EE
2897329;NV;ALONSO DE ERCILLA 7698;ENERPA;LA FLORIDA;MARIO ZAMBRANO;07-01-2022;N/A;AEREA;NO;3;Reposición de aceras y/o calzadas conforme condición original;Fundación y Excavación;;;;;;1;ENERO;2022;OO.EE
2844220;NV;AV. IRARRAZAVAL 2899;CLEVERG;ÑUÑOA;VICTOR CAMPOS;08-01-2022;RICARDO PINARES;AEREA;NO;;;;;;;;;0;ENERO;2022;OO.EE
2844220;NV;AV. IRARRAZAVAL 2899;CLEVERG;ÑUÑOA;VICTOR CAMPOS;08-01-2022;ALVARO ALARCON;AEREA;NO;;;;;;;;;0;ENERO;2022;OO.EE
2884174;NV;JORGE MONCKERBER 171;BUREAU VERITAS;ÑUÑOA;EDDIC MONZANT;10-01-2022;ALEJANDRO VASQUEZ;AEREA;NO;;;;;;;;;0;ENERO;2022;OO.EE
2839433;NV;EL HUALLE NORTE 8039;BUREAU VERITAS;LA FLORIDA;EDDIC MONZANT;11-01-2022;N/A;AEREA;NO;;;;;;;;;0;ENERO;2022;OO.EE
2890947;NV;TOBIAS BARRIOS 848;BUREAU VERITAS;LA REINA;EDDIC MONZANT;11-01-2022;ALEJANDRO VASQUEZ;AEREA;NO;;;;;;;;;0;ENERO;2022;OO.EE
2893236;NV;LAS DALIAS 2718;BUREAU VERITAS;MACUL;EDDIC MONZANT;11-01-2022;N/A;AEREA;NO;;;;;;;;;0;ENERO;2022;OO.EE
2863255;NV;LOS OLMOS 3031;BUREAU VERITAS;MACUL;EDDIC MONZANT;11-01-2022;N/A;AEREA;NO;;;;;;;;;0;ENERO;2022;OO.EE
2900854;NV;PUNTA ARENA 6711;BUREAU VERITAS;LA GRANJA;EDDIC MONZANT;12-01-2022;N/A;AEREA;SI;;;;;;;;;0;ENERO;2022;OO.EE
2844245;NV;VICUÑA MACKENA 6415;BUREAU VERITAS;LA FLORIDA;EDDIC MONZANT;12-01-2022;N/A;AEREA;NO;;;;;;;;;0;ENERO;2022;OO.EE
2880121;NV;ISABEL RIQUELME 600;BUREAU VERITAS;SAN JOAQUIN;EDDIC MONZANT;12-01-2022;RAUL ACUÑA;AEREA;SI;;;;;;;;;0;ENERO;2022;OO.EE
2917548;NV;CHOPIN 3095;ENERPA;SAN JOAQUIN;EDDIC MONZANT;13-01-2022;N/A;AEREA;SI;;;;;;;;;0;ENERO;2022;OO.EE
2880153;NV;GERONA 3410;BUREAU VERITAS;ÑUÑOA;EDDIC MONZANT;14-01-2022;N/A;AEREA;SI;;;;;;;;;0;ENERO;2022;OO.EE
2903429;NV;MANUEL MONTT 2308;BUREAU VERITAS;ÑUÑOA;EDDIC MONZANT;14-01-2022;N/A;AEREA;SI;;;;;;;;;0;ENERO;2022;OO.EE
78443;ID;SENADOR JAIME GUZMAN ERRAZURIZ 3311;BUREAU VERITAS;ÑUÑOA;EDDIC MONZANT;14-01-2022;N/A;SUBTERRÁNEA;NO;;;;;;;;;0;ENERO;2022;OO.EE
2897060;NV;BRIONES LUCO 355;BUREAU VERITAS;LA CISTERNA;EDDIC MONZANT;19-01-2022;N/A;AEREA;NO;22;Instalación Placa de Identificación (__________);Parte ellectrómecanica, montaje transformador, colocación y conexión tableros BT;;;;;;1;ENERO;2022;OO.EE
2780848;NV;TENIENTE MONTT 1980;BUREAU VERITAS;ÑUÑOA;EDDIC MONZANT;19-01-2022;N/A;SUBTERRÁNEA;NO;;;;;;;;;0;ENERO;2022;OO.EE
2805364;NV;CRECENTE ERRAZURIZ 291;ENERPA;ÑUÑOA;ERIC DAZA;24-01-2022;ALBINO ÑEGUEY;SUBTERRÁNEA;NO;;;;;;;;;0;ENERO;2022;OO.EE
2916798;NV;TABALABA 7651;ENERPA;LA FLORIDA;MARIO ZAMBRANO;25-01-2022;SERGIO ARCE;SUBTERRÁNEA;NO;22;Instalación Placa de Identificación (__________);Parte ellectrómecanica, montaje transformador, colocación y conexión tableros BT;;;;;;1;ENERO;2022;OO.EE
2889899;NV;JUAN WILLIANS 1766;URBELEC;SAN RAMON;MARIO ZAMBRANO;26-01-2022;N/A;AEREA;NO;9;Retiro de poste;Poste;FALTA RETIRO DE POSTES BT Nº 145675 - 706718 - 97112 - 104254 - 104253.;;;;;1;ENERO;2022;OO.EE
2889899;NV;JUAN WILLIANS 1766;URBELEC;SAN RAMON;MARIO ZAMBRANO;26-01-2022;N/A;AEREA;NO;9;Retiro de poste;Poste;NORMALIZAR TAPA TUBO TIRANTE FINAL RED MT;;;;;1;ENERO;2022;OO.EE
2889899;NV;JUAN WILLIANS 1766;URBELEC;SAN RAMON;MARIO ZAMBRANO;26-01-2022;N/A;AEREA;NO;9;Retiro de poste;Poste;AISLAR CONDUCTOR CALPE AP 2x16 CORTADO Y COLGANDO.;;;;;1;ENERO;2022;OO.EE
2901086;NV;LOS TALAVERAS 370;ENERPA;ÑUÑOA;MARIO ZAMBRANO;26-01-2022;N/A;SUBTERRÁNEA;NO;9;Retiro de poste;Poste;;;;;;1;ENERO;2022;OO.EE
2901086;NV;LOS TALAVERAS 370;ENERPA;ÑUÑOA;MARIO ZAMBRANO;04-02-2022;SERGIO ARCE;;;;;;;;;;TRASLADO EQUIPO SECCIONADOR TC CASTILLO VELAZCO OTE LOS TALAVERAS, CORRECTA INSTALACIÓN Y MEDICIÓN DE TIERRA PROTECCIÓN;0;FEBRERO;2022;OO.EE
2895017;NV;WALKER MARTINEZ N°1165;URBELEC;LA FLORIDA;EDDIC MONZANT;08-02-2022;N/A;;;;;;;;;;TRABAJO 100 % EJECUTADO;0;FEBRERO;2022;OO.EE
2862441;NV;BRIONES LUCO N°355;ENERPA;LA CISTERNA;MARIO ZAMBRANO;10-02-2022;LUIS BECERRA;;;22;Instalación Placa de Identificación (__________);Parte ellectrómecanica, montaje transformador, colocación y conexión tableros BT;INSTALACION CABLES DESDE BUSHING BT HACIA DESCONECTADOR NH MAS CONEXION DE NEUTROS EN BAJADAS SUBTERRANEAS (2);;;;;1;FEBRERO;2022;OO.EE
2879111;NV;MANUEL MONTT N°  2630;URBELEC;ÑUÑOA;EDDIC MONZANT;14-02-2022;N/A;;;;;;;;;;SE VISUALIZA TRABAJO EJECUTADO 100%;0;FEBRERO;2022;OO.EE
2885867;NV;JULIO PEADO N°2110;URBELEC;ÑUÑOA;EDDIC MONZANT;14-02-2022;N/A;;;;;;;;;;TRABAJO 100 % EJECUTADO;0;FEBRERO;2022;OO.EE
2841473;NV;ECHENIQUE N°8387;BUREAU VERITAS;LA REINA;EDDIC MONZANT;14-02-2022;N/A;;;;;;;;;;TRABAJO 100 % EJECUTADO;0;FEBRERO;2022;OO.EE
2893283;NV;AV. DEPARTAMENTAL N°3913;URBELEC;LA FLORIDA;EDDIC MONZANT;15-02-2022;LUIS BECERRA;;;;;;;;;;AVANCE DE OBRAS;0;FEBRERO;2022;OO.EE
2897682;NV;LOS PRESIDENTES N°9504;ENERPA;PEÑALOLEN;CHARLIE MEDINA;23-02-2022;SERGIO ARCE;;;;;;;;;;INSPECCIÓN PARA VALIDAR CRO, NO SE REALIZARON UNIONES BT.;0;FEBRERO;2022;OO.EE
2865151;NV;EL HUALLE N°7815;ENERPA;LA FLORIDA;CHARLIE MEDINA;23-02-2022;SERGIO ARCE;;;;;;;;;;INSPECCIÓN PARA VALIDAR CRO, NO SE REALIZARON UNIONES BT.;0;FEBRERO;2022;OO.EE
2801169;NV;VICUÑA MACKENNA N° 11346;BUREAU VERITAS;LA FLORIDA;EDDIC MONZANT;04-03-2022;N/A;;;;;;;;;;TRABAJO 100 % EJECUTADO;0;MARZO;2022;OO.EE
2855290;NV;OBISPO ARTURO ESPINOZA CAMPOS N°2231;BUREAU VERITAS;MACUL;EDDIC MONZANT;09-03-2022;N/A;;;;;;;;;;TRABAJO 100 % EJECUTADO;0;MARZO;2022;OO.EE
2865379;NV;LINARES N°0120;BUREAU VERITAS;LA GRANJA;MARIO ZAMBRANO;09-03-2022;N/A;;;;;;;;;;;0;MARZO;2022;OO.EE
2891988;NV;CORONEL N° 8960;BUREAU VERITAS;LA GRANJA;MARIO ZAMBRANO;09-03-2022;N/A;;;;;;;;;;;0;MARZO;2022;OO.EE
83674;ID;NICANOR PLAZA N° 1838;BUREAU VERITAS;LA REINA;EDDIC MONZANT;14-03-2022;N/A;;;;;;;;;;TRABAJO 100 % EJECUTADO;0;MARZO;2022;OO.EE
